,41
241826,smurf.
292391,smurf.
392127,neptune.
417224,smurf.
355378,neptune.
476964,neptune.
94190,smurf.
358741,neptune.
307732,smurf.
376226,neptune.
109242,neptune.
59409,neptune.
352930,neptune.
95541,smurf.
294964,smurf.
388220,neptune.
452377,neptune.
313597,smurf.
115876,neptune.
151151,smurf.
125379,neptune.
206808,smurf.
124190,neptune.
304414,smurf.
302118,smurf.
209775,smurf.
298067,smurf.
205675,smurf.
245592,smurf.
407809,smurf.
479743,neptune.
245280,smurf.
179883,smurf.
172240,smurf.
100273,smurf.
122190,neptune.
95972,smurf.
102253,smurf.
320571,smurf.
119097,neptune.
118101,neptune.
380453,neptune.
474153,neptune.
293445,smurf.
419996,smurf.
243142,smurf.
364236,neptune.
415358,smurf.
97393,smurf.
171937,smurf.
402114,smurf.
133983,smurf.
360941,neptune.
425843,smurf.
238671,smurf.
260873,smurf.
367508,neptune.
338466,smurf.
426147,smurf.
325422,smurf.
446961,smurf.
244437,smurf.
294719,smurf.
332086,smurf.
100258,smurf.
371097,smurf.
288065,smurf.
60834,neptune.
333698,smurf.
46208,smurf.
364342,neptune.
211202,smurf.
386648,neptune.
109105,neptune.
363554,neptune.
472093,neptune.
271941,smurf.
193428,smurf.
170651,smurf.
9746,smurf.
268698,smurf.
338954,smurf.
10439,smurf.
121913,neptune.
338702,smurf.
237878,smurf.
330800,smurf.
97022,smurf.
73204,neptune.
294000,smurf.
229611,smurf.
440442,smurf.
63662,neptune.
131291,smurf.
361717,neptune.
431604,smurf.
289824,smurf.
300218,smurf.
46185,smurf.
67826,neptune.
341997,smurf.
60704,neptune.
172864,smurf.
285706,smurf.
113844,neptune.
328637,smurf.
375234,neptune.
153126,smurf.
461547,neptune.
202893,smurf.
190926,smurf.
311117,smurf.
421268,smurf.
44842,smurf.
261404,smurf.
10572,smurf.
57622,neptune.
153293,smurf.
276523,smurf.
161331,smurf.
205665,smurf.
417939,smurf.
9666,smurf.
97453,smurf.
363043,neptune.
318725,smurf.
211452,smurf.
156687,smurf.
227559,smurf.
375187,neptune.
96192,smurf.
445687,smurf.
260770,smurf.
472568,neptune.
435796,smurf.
448080,smurf.
215406,smurf.
213289,smurf.
244934,smurf.
377036,neptune.
293078,smurf.
243097,smurf.
470612,neptune.
9544,smurf.
248420,smurf.
417449,smurf.
111903,neptune.
95863,smurf.
72632,neptune.
449107,smurf.
427625,smurf.
421181,smurf.
475602,neptune.
404080,smurf.
47614,smurf.
417703,smurf.
187128,smurf.
374301,neptune.
272535,smurf.
179118,smurf.
436698,smurf.
126109,neptune.
473645,neptune.
356480,neptune.
247535,smurf.
173486,smurf.
172069,smurf.
381899,neptune.
408521,smurf.
384871,neptune.
245859,smurf.
195958,smurf.
286854,smurf.
262673,smurf.
289981,smurf.
271176,smurf.
407262,smurf.
392889,neptune.
274713,smurf.
487219,smurf.
228703,smurf.
364656,neptune.
318590,smurf.
465592,neptune.
10405,smurf.
242557,smurf.
354072,neptune.
192255,smurf.
92753,smurf.
424916,smurf.
304351,smurf.
445062,smurf.
97629,smurf.
43519,smurf.
133272,smurf.
385435,neptune.
248249,smurf.
439101,smurf.
169685,smurf.
261425,smurf.
377472,neptune.
215606,smurf.
188900,smurf.
370826,smurf.
259926,smurf.
96666,smurf.
92918,smurf.
337685,smurf.
380853,neptune.
158190,smurf.
232582,smurf.
478595,neptune.
385399,neptune.
381749,neptune.
278523,smurf.
365902,neptune.
102565,smurf.
388388,neptune.
304564,smurf.
397550,smurf.
356026,neptune.
435182,smurf.
428135,smurf.
372926,neptune.
350125,neptune.
121977,neptune.
115601,neptune.
275732,smurf.
479413,neptune.
203883,smurf.
239657,smurf.
256998,smurf.
67465,neptune.
323610,smurf.
61188,neptune.
465469,neptune.
160024,smurf.
310020,smurf.
361905,neptune.
445986,smurf.
469379,neptune.
111402,neptune.
66035,neptune.
309112,smurf.
155415,smurf.
235285,smurf.
129943,smurf.
425011,smurf.
339785,smurf.
363172,neptune.
368502,neptune.
202758,smurf.
209473,smurf.
208334,smurf.
212030,smurf.
49372,smurf.
288758,smurf.
204853,smurf.
399993,smurf.
290132,smurf.
113519,neptune.
205276,smurf.
112256,neptune.
178761,smurf.
57091,neptune.
221895,smurf.
166213,smurf.
306088,smurf.
158196,smurf.
376782,neptune.
385432,neptune.
124850,neptune.
434305,smurf.
399746,smurf.
249504,smurf.
363388,neptune.
59167,neptune.
118432,neptune.
438065,smurf.
64244,neptune.
233132,smurf.
433191,smurf.
445435,smurf.
391130,neptune.
207696,smurf.
415179,smurf.
378392,neptune.
297380,smurf.
126603,neptune.
44979,smurf.
471001,neptune.
221276,smurf.
467534,neptune.
476340,neptune.
125806,neptune.
435168,smurf.
379868,neptune.
399152,smurf.
231447,smurf.
239920,smurf.
154061,smurf.
469240,neptune.
99559,smurf.
176459,smurf.
296089,smurf.
373818,neptune.
419124,smurf.
178620,smurf.
132268,smurf.
61391,neptune.
220454,smurf.
382866,neptune.
191537,smurf.
228186,smurf.
179122,smurf.
430461,smurf.
198247,smurf.
375743,neptune.
471514,neptune.
374370,neptune.
190813,smurf.
404449,smurf.
337436,smurf.
365613,neptune.
304868,smurf.
386388,neptune.
98047,smurf.
60450,neptune.
221822,smurf.
159115,smurf.
166853,smurf.
476566,neptune.
323838,smurf.
342029,smurf.
223003,smurf.
435746,smurf.
368051,neptune.
182991,smurf.
371127,smurf.
119806,neptune.
422909,smurf.
185814,smurf.
263780,smurf.
50198,smurf.
387991,neptune.
199546,smurf.
203058,smurf.
100894,smurf.
240213,smurf.
415821,smurf.
283922,smurf.
310677,smurf.
232504,smurf.
200586,smurf.
408360,smurf.
411439,smurf.
429602,smurf.
93850,smurf.
428555,smurf.
418466,smurf.
342030,smurf.
300407,smurf.
96055,smurf.
420563,smurf.
394170,neptune.
278647,smurf.
49065,smurf.
251510,smurf.
259981,smurf.
467033,neptune.
47738,smurf.
367265,neptune.
100117,smurf.
310610,smurf.
50060,smurf.
319472,smurf.
170342,smurf.
257166,smurf.
336864,smurf.
416110,smurf.
67624,neptune.
462300,neptune.
489298,smurf.
253703,smurf.
291451,smurf.
240488,smurf.
297174,smurf.
111559,neptune.
394623,neptune.
375452,neptune.
366482,neptune.
206631,smurf.
321713,smurf.
387481,neptune.
62537,neptune.
215835,smurf.
340232,smurf.
189214,smurf.
475321,neptune.
308006,smurf.
54856,neptune.
260390,smurf.
290901,smurf.
150640,smurf.
249924,smurf.
488134,smurf.
426344,smurf.
440754,smurf.
474551,neptune.
336795,smurf.
244000,smurf.
123493,neptune.
246497,smurf.
428435,smurf.
410822,smurf.
55442,neptune.
59494,neptune.
473547,neptune.
97005,smurf.
242556,smurf.
349481,neptune.
473886,neptune.
471757,neptune.
120308,neptune.
433340,smurf.
193286,smurf.
163195,smurf.
185864,smurf.
207746,smurf.
300480,smurf.
303047,smurf.
354490,neptune.
447581,smurf.
126797,neptune.
150069,smurf.
204463,smurf.
375461,neptune.
188054,smurf.
268551,smurf.
310938,smurf.
122526,neptune.
337958,smurf.
431862,smurf.
124218,neptune.
485683,neptune.
269733,smurf.
351064,neptune.
339039,smurf.
448062,smurf.
136259,smurf.
269038,smurf.
250893,smurf.
315267,smurf.
438246,smurf.
57706,neptune.
175509,smurf.
476224,neptune.
125578,neptune.
49383,smurf.
383665,neptune.
389051,neptune.
190553,smurf.
372966,neptune.
210292,smurf.
384518,neptune.
434958,smurf.
131947,smurf.
119668,neptune.
412862,smurf.
382504,neptune.
45976,smurf.
71064,neptune.
176905,smurf.
165235,smurf.
95640,smurf.
278576,smurf.
306099,smurf.
286790,smurf.
9314,smurf.
121382,neptune.
323725,smurf.
311144,smurf.
421616,smurf.
335431,smurf.
278040,smurf.
443422,smurf.
123558,neptune.
363713,neptune.
189240,smurf.
45216,smurf.
469055,neptune.
299592,smurf.
92748,smurf.
353157,neptune.
47871,smurf.
243046,smurf.
47233,smurf.
182953,smurf.
234213,smurf.
297138,smurf.
448907,smurf.
337752,smurf.
395503,neptune.
230445,smurf.
204626,smurf.
359427,neptune.
181561,smurf.
227953,smurf.
203188,smurf.
425370,smurf.
469532,neptune.
288266,smurf.
405129,smurf.
247505,smurf.
98960,smurf.
446493,smurf.
321536,smurf.
201759,smurf.
387700,neptune.
443464,smurf.
234695,smurf.
203031,smurf.
267212,smurf.
179146,smurf.
188667,smurf.
354380,neptune.
303106,smurf.
469578,neptune.
151805,smurf.
429578,smurf.
133775,smurf.
327597,smurf.
44818,smurf.
414901,smurf.
231827,smurf.
326042,smurf.
125768,neptune.
400014,smurf.
224220,smurf.
407084,smurf.
383787,neptune.
423145,smurf.
165289,smurf.
159905,smurf.
201290,smurf.
118657,neptune.
259251,smurf.
281177,smurf.
318058,smurf.
210737,smurf.
360511,neptune.
473621,neptune.
366464,neptune.
151993,smurf.
45669,smurf.
55073,neptune.
190220,smurf.
228603,smurf.
349659,neptune.
283293,smurf.
285811,smurf.
212441,smurf.
187198,smurf.
330351,smurf.
153240,smurf.
470595,neptune.
122208,neptune.
433257,smurf.
300601,smurf.
464152,neptune.
265108,smurf.
220844,smurf.
264546,smurf.
442414,smurf.
258548,smurf.
184989,smurf.
387374,neptune.
9470,smurf.
254733,smurf.
336546,smurf.
394320,neptune.
248225,smurf.
182120,smurf.
194421,smurf.
119485,neptune.
259532,smurf.
233059,smurf.
403595,smurf.
230400,smurf.
58815,neptune.
132554,smurf.
476889,neptune.
379166,neptune.
178851,smurf.
241310,smurf.
448235,smurf.
270599,smurf.
407557,smurf.
172354,smurf.
151669,smurf.
306279,smurf.
98182,smurf.
195467,smurf.
408869,smurf.
474211,neptune.
417278,smurf.
163565,smurf.
66047,neptune.
462382,neptune.
122022,neptune.
381608,neptune.
270584,smurf.
444851,smurf.
191923,smurf.
121906,neptune.
287342,smurf.
434697,smurf.
335311,smurf.
62381,neptune.
376778,neptune.
306105,smurf.
99706,smurf.
8053,smurf.
177038,smurf.
352633,neptune.
257855,smurf.
286611,smurf.
325006,smurf.
395464,neptune.
205291,smurf.
124232,neptune.
440048,smurf.
365178,neptune.
448223,smurf.
277381,smurf.
333657,smurf.
120212,neptune.
435057,smurf.
296417,smurf.
129196,smurf.
9566,smurf.
291819,smurf.
244380,smurf.
370845,smurf.
358053,neptune.
96122,smurf.
342019,smurf.
299867,smurf.
131968,smurf.
207246,smurf.
291092,smurf.
408811,smurf.
186140,smurf.
302321,smurf.
177013,smurf.
108979,neptune.
276717,smurf.
439385,smurf.
222783,smurf.
326062,smurf.
337821,smurf.
441863,smurf.
237822,smurf.
277425,smurf.
382213,neptune.
314848,smurf.
385473,neptune.
49231,smurf.
271230,smurf.
436100,smurf.
440157,smurf.
374476,neptune.
288505,smurf.
285530,smurf.
356597,neptune.
280659,smurf.
237358,smurf.
223027,smurf.
242112,smurf.
279161,smurf.
72795,neptune.
204738,smurf.
476816,neptune.
117463,neptune.
251756,smurf.
102833,smurf.
262568,smurf.
430541,smurf.
432344,smurf.
309335,smurf.
283677,smurf.
238741,smurf.
315477,smurf.
251538,smurf.
434080,smurf.
287288,smurf.
287329,smurf.
234268,smurf.
427171,smurf.
63236,neptune.
101469,smurf.
246298,smurf.
443082,smurf.
228933,smurf.
360356,neptune.
363717,neptune.
382046,neptune.
133692,smurf.
474641,neptune.
378826,neptune.
293285,smurf.
153697,smurf.
438689,smurf.
267249,smurf.
467437,neptune.
335360,smurf.
280879,smurf.
63162,neptune.
418796,smurf.
361938,neptune.
11158,smurf.
430345,smurf.
292805,smurf.
452353,neptune.
176826,smurf.
397843,smurf.
50019,smurf.
171489,smurf.
161382,smurf.
276020,smurf.
460904,neptune.
468161,neptune.
134621,smurf.
163343,smurf.
152123,smurf.
169055,smurf.
199142,smurf.
232162,smurf.
489129,smurf.
374987,neptune.
432848,smurf.
476167,neptune.
239739,smurf.
397184,smurf.
386615,neptune.
102286,smurf.
362066,neptune.
69166,neptune.
158749,smurf.
329355,smurf.
8073,smurf.
320856,smurf.
171918,smurf.
202538,smurf.
365522,neptune.
243351,smurf.
334013,smurf.
301679,smurf.
436724,smurf.
428421,smurf.
180421,smurf.
430363,smurf.
330513,smurf.
367053,neptune.
417632,smurf.
158339,smurf.
45464,smurf.
215230,smurf.
443548,smurf.
381063,neptune.
487232,smurf.
111377,neptune.
375838,neptune.
118156,neptune.
439581,smurf.
358787,neptune.
136162,smurf.
167045,smurf.
339564,smurf.
10998,smurf.
331360,smurf.
229208,smurf.
178336,smurf.
191413,smurf.
422221,smurf.
154015,smurf.
156557,smurf.
66070,neptune.
11411,smurf.
282314,smurf.
186429,smurf.
475106,neptune.
269016,smurf.
387215,neptune.
328604,smurf.
269335,smurf.
8765,smurf.
399140,smurf.
461171,neptune.
10242,smurf.
159565,smurf.
127245,neptune.
473200,neptune.
66359,neptune.
59890,neptune.
475243,neptune.
109969,neptune.
459978,neptune.
237050,smurf.
319087,smurf.
181142,smurf.
262599,smurf.
111633,neptune.
236097,smurf.
322201,smurf.
261860,smurf.
315738,smurf.
285176,smurf.
221894,smurf.
413370,smurf.
476063,neptune.
150179,smurf.
151642,smurf.
119171,neptune.
72517,neptune.
303991,smurf.
257572,smurf.
155639,smurf.
185055,smurf.
94101,smurf.
319643,smurf.
97014,smurf.
390786,neptune.
378481,neptune.
211423,smurf.
280308,smurf.
254915,smurf.
152667,smurf.
375903,neptune.
43719,smurf.
263039,smurf.
325179,smurf.
298900,smurf.
433699,smurf.
212583,smurf.
364935,neptune.
203271,smurf.
246650,smurf.
189136,smurf.
179033,smurf.
428255,smurf.
182315,smurf.
56398,neptune.
229245,smurf.
417720,smurf.
134706,smurf.
53928,neptune.
294306,smurf.
324948,smurf.
151250,smurf.
438617,smurf.
291601,smurf.
66046,neptune.
383573,neptune.
117135,neptune.
320415,smurf.
448399,smurf.
197038,smurf.
412480,smurf.
216567,smurf.
365889,neptune.
67349,neptune.
438699,smurf.
65596,neptune.
490098,smurf.
254240,smurf.
203404,smurf.
271708,smurf.
206858,smurf.
350635,neptune.
181122,smurf.
351234,neptune.
228972,smurf.
226087,smurf.
50536,smurf.
152325,smurf.
211510,smurf.
393478,neptune.
276978,smurf.
426940,smurf.
334614,smurf.
362691,neptune.
376394,neptune.
339067,smurf.
291183,smurf.
210031,smurf.
60622,neptune.
436611,smurf.
324420,smurf.
47853,smurf.
215633,smurf.
262227,smurf.
115172,neptune.
171527,smurf.
322466,smurf.
460749,neptune.
361667,neptune.
125498,neptune.
273896,smurf.
230181,smurf.
108743,neptune.
112789,neptune.
285431,smurf.
299456,smurf.
252153,smurf.
406856,smurf.
412412,smurf.
355381,neptune.
331464,smurf.
179268,smurf.
430850,smurf.
388968,neptune.
129478,smurf.
123671,neptune.
66557,neptune.
358752,neptune.
414984,smurf.
366350,neptune.
8519,smurf.
286277,smurf.
163787,smurf.
179618,smurf.
64328,neptune.
281849,smurf.
225863,smurf.
257008,smurf.
112792,neptune.
449503,smurf.
405708,smurf.
185069,smurf.
222688,smurf.
473640,neptune.
72351,neptune.
351698,neptune.
302293,smurf.
164322,smurf.
170714,smurf.
62422,neptune.
113870,neptune.
182305,smurf.
339271,smurf.
232659,smurf.
134662,smurf.
113498,neptune.
307059,smurf.
280766,smurf.
43606,smurf.
362146,neptune.
424284,smurf.
390368,neptune.
364785,neptune.
61684,neptune.
113567,neptune.
167714,smurf.
468113,neptune.
305924,smurf.
233899,smurf.
121245,neptune.
340034,smurf.
475615,neptune.
355136,neptune.
477964,neptune.
444463,smurf.
216150,smurf.
224654,smurf.
289950,smurf.
378029,neptune.
156492,smurf.
213876,smurf.
416468,smurf.
471101,neptune.
280347,smurf.
235080,smurf.
152587,smurf.
379825,neptune.
248406,smurf.
434443,smurf.
314595,smurf.
320936,smurf.
59117,neptune.
303255,smurf.
173750,smurf.
183730,smurf.
164931,smurf.
327071,smurf.
155147,smurf.
101484,smurf.
423221,smurf.
233143,smurf.
479807,neptune.
173431,smurf.
124809,neptune.
122691,neptune.
329777,smurf.
263013,smurf.
463707,neptune.
322485,smurf.
131109,smurf.
488078,smurf.
319625,smurf.
402068,smurf.
225422,smurf.
273223,smurf.
259941,smurf.
255017,smurf.
305187,smurf.
318916,smurf.
276439,smurf.
173484,smurf.
339829,smurf.
154802,smurf.
392968,neptune.
272406,smurf.
281541,smurf.
351565,neptune.
45338,smurf.
337700,smurf.
73811,neptune.
282105,smurf.
338722,smurf.
168365,smurf.
134040,smurf.
198277,smurf.
124170,neptune.
73024,neptune.
438580,smurf.
260229,smurf.
333380,smurf.
165442,smurf.
54564,neptune.
361090,neptune.
381051,neptune.
432713,smurf.
431866,smurf.
270808,smurf.
467798,neptune.
397816,smurf.
121823,neptune.
264556,smurf.
206891,smurf.
300686,smurf.
341825,smurf.
171497,smurf.
190795,smurf.
425980,smurf.
364974,neptune.
365520,neptune.
413920,smurf.
239694,smurf.
110821,neptune.
221051,smurf.
392997,neptune.
379446,neptune.
366632,neptune.
397580,smurf.
488756,smurf.
439665,smurf.
356169,neptune.
108765,neptune.
223761,smurf.
157048,smurf.
222653,smurf.
156570,smurf.
10189,smurf.
186632,smurf.
136177,smurf.
428606,smurf.
61147,neptune.
179995,smurf.
196050,smurf.
227159,smurf.
282368,smurf.
358790,neptune.
465053,neptune.
115819,neptune.
173662,smurf.
109273,neptune.
117016,neptune.
236824,smurf.
473194,neptune.
360623,neptune.
66483,neptune.
231392,smurf.
467391,neptune.
184724,smurf.
102924,smurf.
157157,smurf.
471636,neptune.
478695,neptune.
488886,smurf.
396055,neptune.
152779,smurf.
385134,neptune.
356294,neptune.
167682,smurf.
422799,smurf.
70888,neptune.
403420,smurf.
118960,neptune.
379580,neptune.
110298,neptune.
369104,neptune.
297884,smurf.
472532,neptune.
173219,smurf.
332467,smurf.
199045,smurf.
381342,neptune.
63031,neptune.
163976,smurf.
409251,smurf.
246482,smurf.
109812,neptune.
163194,smurf.
390651,neptune.
405121,smurf.
115944,neptune.
94678,smurf.
243002,smurf.
102201,smurf.
181898,smurf.
179728,smurf.
332475,smurf.
384084,neptune.
247947,smurf.
479834,neptune.
221778,smurf.
474668,neptune.
301166,smurf.
271300,smurf.
134446,smurf.
201845,smurf.
133602,smurf.
49397,smurf.
304956,smurf.
488630,smurf.
300422,smurf.
212032,smurf.
318793,smurf.
132494,smurf.
243915,smurf.
354198,neptune.
224072,smurf.
324585,smurf.
460613,neptune.
180346,smurf.
318447,smurf.
304738,smurf.
261355,smurf.
429960,smurf.
61972,neptune.
473932,neptune.
223044,smurf.
463210,neptune.
55349,neptune.
92401,smurf.
353762,neptune.
335580,smurf.
233537,smurf.
438254,smurf.
126826,neptune.
60478,neptune.
208235,smurf.
403723,smurf.
169430,smurf.
10057,smurf.
311451,smurf.
297690,smurf.
462423,neptune.
389183,neptune.
227774,smurf.
133578,smurf.
322296,smurf.
338817,smurf.
73166,neptune.
267939,smurf.
207588,smurf.
442032,smurf.
245447,smurf.
387692,neptune.
322923,smurf.
188328,smurf.
338150,smurf.
440472,smurf.
355224,neptune.
314641,smurf.
321916,smurf.
92413,smurf.
319233,smurf.
164845,smurf.
364590,neptune.
259459,smurf.
441405,smurf.
61787,neptune.
97923,smurf.
163894,smurf.
287634,smurf.
193631,smurf.
162435,smurf.
169081,smurf.
283936,smurf.
195056,smurf.
441922,smurf.
393194,neptune.
243717,smurf.
176964,smurf.
357366,neptune.
422545,smurf.
464243,neptune.
176128,smurf.
220268,smurf.
464502,neptune.
295567,smurf.
280820,smurf.
163671,smurf.
329006,smurf.
199632,smurf.
261191,smurf.
193190,smurf.
445189,smurf.
239017,smurf.
234347,smurf.
205854,smurf.
267197,smurf.
68081,neptune.
214463,smurf.
172357,smurf.
407149,smurf.
389409,neptune.
111248,neptune.
168019,smurf.
374462,neptune.
301499,smurf.
285707,smurf.
487748,smurf.
174404,smurf.
46046,smurf.
304875,smurf.
238970,smurf.
218151,smurf.
262639,smurf.
363049,neptune.
251944,smurf.
475273,neptune.
429048,smurf.
50257,smurf.
234886,smurf.
109730,neptune.
119296,neptune.
60132,neptune.
257041,smurf.
405646,smurf.
443171,smurf.
8185,smurf.
302781,smurf.
411349,smurf.
333179,smurf.
436556,smurf.
296642,smurf.
189871,smurf.
314600,smurf.
242576,smurf.
100834,smurf.
278962,smurf.
319777,smurf.
320847,smurf.
304866,smurf.
209600,smurf.
323410,smurf.
426966,smurf.
443322,smurf.
278722,smurf.
241776,smurf.
180135,smurf.
227746,smurf.
178513,smurf.
369138,neptune.
63105,neptune.
441197,smurf.
487470,smurf.
440714,smurf.
153481,smurf.
92609,smurf.
208755,smurf.
195612,smurf.
336377,smurf.
479667,neptune.
320531,smurf.
380937,neptune.
71604,neptune.
435948,smurf.
425700,smurf.
425807,smurf.
235501,smurf.
422701,smurf.
126964,neptune.
414097,smurf.
265824,smurf.
399446,smurf.
424434,smurf.
321963,smurf.
391501,neptune.
224874,smurf.
364052,neptune.
333838,smurf.
234758,smurf.
427828,smurf.
315560,smurf.
160291,smurf.
388746,neptune.
129485,smurf.
131003,smurf.
356000,neptune.
156709,smurf.
393915,neptune.
329894,smurf.
316772,smurf.
410072,smurf.
153314,smurf.
169706,smurf.
108393,neptune.
412220,smurf.
227624,smurf.
353538,neptune.
479036,neptune.
319453,smurf.
488692,smurf.
96012,smurf.
232050,smurf.
69636,neptune.
429378,smurf.
57076,neptune.
153974,smurf.
222880,smurf.
329307,smurf.
98692,smurf.
406286,smurf.
478789,neptune.
260381,smurf.
108566,neptune.
305474,smurf.
476144,neptune.
156558,smurf.
70372,neptune.
449433,smurf.
283110,smurf.
9754,smurf.
336699,smurf.
390674,neptune.
303775,smurf.
339722,smurf.
207294,smurf.
425170,smurf.
357597,neptune.
404877,smurf.
49580,smurf.
53757,neptune.
68078,neptune.
56160,neptune.
102053,smurf.
214865,smurf.
100561,smurf.
368209,neptune.
330551,smurf.
297718,smurf.
175706,smurf.
248765,smurf.
215740,smurf.
488206,smurf.
223726,smurf.
490632,smurf.
372592,neptune.
416572,smurf.
164800,smurf.
300987,smurf.
111045,neptune.
324160,smurf.
367107,neptune.
280988,smurf.
276380,smurf.
268150,smurf.
252542,smurf.
459868,neptune.
423751,smurf.
342716,smurf.
369127,neptune.
98074,smurf.
135882,smurf.
161220,smurf.
248618,smurf.
442995,smurf.
239788,smurf.
68676,neptune.
278823,smurf.
219448,smurf.
331833,smurf.
234983,smurf.
103340,smurf.
192462,smurf.
410754,smurf.
389798,neptune.
102085,smurf.
395820,neptune.
414663,smurf.
445056,smurf.
342513,smurf.
226902,smurf.
56222,neptune.
258491,smurf.
161690,smurf.
175094,smurf.
324541,smurf.
445340,smurf.
119078,neptune.
235586,smurf.
192333,smurf.
467268,neptune.
314904,smurf.
353693,neptune.
174869,smurf.
465215,neptune.
179868,smurf.
94201,smurf.
185027,smurf.
217407,smurf.
402778,smurf.
330950,smurf.
237235,smurf.
58978,neptune.
264022,smurf.
118341,neptune.
409301,smurf.
407416,smurf.
422742,smurf.
135080,smurf.
246826,smurf.
279681,smurf.
425185,smurf.
368295,neptune.
170796,smurf.
164111,smurf.
424346,smurf.
407755,smurf.
321058,smurf.
184221,smurf.
60956,neptune.
202395,smurf.
443280,smurf.
67709,neptune.
378070,neptune.
251247,smurf.
388871,neptune.
195646,smurf.
234125,smurf.
423613,smurf.
324387,smurf.
394405,neptune.
355330,neptune.
233177,smurf.
11110,smurf.
313667,smurf.
131539,smurf.
275135,smurf.
269347,smurf.
117284,neptune.
65334,neptune.
339960,smurf.
69203,neptune.
159003,smurf.
301563,smurf.
254607,smurf.
472175,neptune.
150338,smurf.
476871,neptune.
430860,smurf.
215628,smurf.
374907,neptune.
280295,smurf.
320454,smurf.
153760,smurf.
131866,smurf.
68713,neptune.
248433,smurf.
263201,smurf.
110280,neptune.
356401,neptune.
45235,smurf.
398511,smurf.
487659,smurf.
184292,smurf.
416039,smurf.
129595,smurf.
195736,smurf.
178598,smurf.
467905,neptune.
249812,smurf.
152895,smurf.
271995,smurf.
124671,neptune.
273811,smurf.
229385,smurf.
222453,smurf.
489866,smurf.
131153,smurf.
402278,smurf.
297289,smurf.
209381,smurf.
378501,neptune.
185920,smurf.
45957,smurf.
117088,neptune.
225287,smurf.
444918,smurf.
275007,smurf.
289050,smurf.
468544,neptune.
442478,smurf.
295981,smurf.
63240,neptune.
134478,smurf.
44300,smurf.
267087,smurf.
318492,smurf.
221264,smurf.
299075,smurf.
361551,neptune.
112885,neptune.
366268,neptune.
405225,smurf.
204114,smurf.
361104,neptune.
262638,smurf.
93848,smurf.
394733,neptune.
250155,smurf.
336563,smurf.
111814,neptune.
101781,smurf.
258441,smurf.
432248,smurf.
155518,smurf.
354270,neptune.
150287,smurf.
402315,smurf.
326221,smurf.
129867,smurf.
63009,neptune.
211609,smurf.
232044,smurf.
64407,neptune.
45051,smurf.
248501,smurf.
98458,smurf.
390881,neptune.
273143,smurf.
179517,smurf.
441679,smurf.
443493,smurf.
48040,smurf.
175880,smurf.
219878,smurf.
212372,smurf.
252969,smurf.
264672,smurf.
231839,smurf.
469162,neptune.
271936,smurf.
271843,smurf.
448850,smurf.
428570,smurf.
46939,smurf.
131411,smurf.
112508,neptune.
127948,neptune.
222339,smurf.
430220,smurf.
57866,neptune.
432598,smurf.
364700,neptune.
46188,smurf.
67787,neptune.
308328,smurf.
207447,smurf.
307168,smurf.
360333,neptune.
271582,smurf.
55419,neptune.
477191,neptune.
249691,smurf.
190658,smurf.
438196,smurf.
410177,smurf.
290231,smurf.
315017,smurf.
306262,smurf.
191105,smurf.
349496,neptune.
303523,smurf.
286778,smurf.
404796,smurf.
168913,smurf.
254319,smurf.
227383,smurf.
108896,neptune.
102703,smurf.
350250,neptune.
164630,smurf.
286460,smurf.
67778,neptune.
73633,neptune.
359102,neptune.
334300,smurf.
125136,neptune.
57323,neptune.
368920,neptune.
323492,smurf.
261953,smurf.
289166,smurf.
474636,neptune.
178130,smurf.
442715,smurf.
328203,smurf.
46734,smurf.
277951,smurf.
184686,smurf.
322804,smurf.
49385,smurf.
150016,smurf.
129609,smurf.
381492,neptune.
351062,neptune.
446478,smurf.
380433,neptune.
409995,smurf.
68562,neptune.
267768,smurf.
402065,smurf.
340450,smurf.
279639,smurf.
235543,smurf.
291489,smurf.
192608,smurf.
459929,neptune.
280716,smurf.
448492,smurf.
387288,neptune.
335840,smurf.
191114,smurf.
386325,neptune.
351428,neptune.
339571,smurf.
205931,smurf.
108829,neptune.
210361,smurf.
229234,smurf.
181899,smurf.
259579,smurf.
354162,neptune.
318618,smurf.
223313,smurf.
200952,smurf.
193124,smurf.
126610,neptune.
305755,smurf.
293798,smurf.
416254,smurf.
328755,smurf.
129597,smurf.
389592,neptune.
373450,neptune.
67494,neptune.
415344,smurf.
261982,smurf.
424232,smurf.
438319,smurf.
322969,smurf.
399832,smurf.
423725,smurf.
417165,smurf.
386981,neptune.
232391,smurf.
464798,neptune.
165843,smurf.
238131,smurf.
420074,smurf.
152244,smurf.
221693,smurf.
466189,neptune.
255263,smurf.
154024,smurf.
211592,smurf.
251962,smurf.
228651,smurf.
406973,smurf.
468994,neptune.
8816,smurf.
179224,smurf.
410737,smurf.
126248,neptune.
231215,smurf.
318876,smurf.
399872,smurf.
202444,smurf.
476213,neptune.
332880,smurf.
221201,smurf.
340826,smurf.
420879,smurf.
376596,neptune.
365153,neptune.
417524,smurf.
132292,smurf.
393202,neptune.
110937,neptune.
270260,smurf.
203638,smurf.
190359,smurf.
468645,neptune.
320146,smurf.
194507,smurf.
366175,neptune.
47925,smurf.
272501,smurf.
265718,smurf.
402116,smurf.
357999,neptune.
351999,neptune.
126194,neptune.
240098,smurf.
66853,neptune.
179317,smurf.
330265,smurf.
386543,neptune.
43596,smurf.
422025,smurf.
471581,neptune.
240020,smurf.
62831,neptune.
47001,smurf.
437899,smurf.
194189,smurf.
354843,neptune.
421365,smurf.
471625,neptune.
44075,smurf.
293614,smurf.
364596,neptune.
266800,smurf.
327913,smurf.
280481,smurf.
340204,smurf.
316022,smurf.
274909,smurf.
436248,smurf.
383689,neptune.
244447,smurf.
113620,neptune.
165510,smurf.
281328,smurf.
353272,neptune.
135114,smurf.
166856,smurf.
122580,neptune.
313176,smurf.
54495,neptune.
437496,smurf.
404447,smurf.
320488,smurf.
126865,neptune.
186837,smurf.
257713,smurf.
66744,neptune.
191352,smurf.
417950,smurf.
427015,smurf.
329561,smurf.
306682,smurf.
366732,neptune.
411545,smurf.
47850,smurf.
364797,neptune.
199976,smurf.
321688,smurf.
416595,smurf.
220243,smurf.
315430,smurf.
447742,smurf.
10198,smurf.
66105,neptune.
335765,smurf.
258478,smurf.
369372,neptune.
314674,smurf.
366362,neptune.
120050,neptune.
95683,smurf.
425601,smurf.
199388,smurf.
472553,neptune.
319440,smurf.
127903,neptune.
67052,neptune.
364460,neptune.
172824,smurf.
353071,neptune.
68107,neptune.
474802,neptune.
131398,smurf.
393382,neptune.
174731,smurf.
158542,smurf.
127409,neptune.
443708,smurf.
400443,smurf.
404317,smurf.
243446,smurf.
72572,neptune.
181847,smurf.
240929,smurf.
211478,smurf.
392523,neptune.
410578,smurf.
251643,smurf.
386451,neptune.
133025,smurf.
425880,smurf.
131175,smurf.
399067,smurf.
400903,smurf.
184077,smurf.
354878,neptune.
121186,neptune.
249273,smurf.
365794,neptune.
424079,smurf.
125440,neptune.
220170,smurf.
58626,neptune.
416898,smurf.
391681,neptune.
253078,smurf.
469772,neptune.
251660,smurf.
167690,smurf.
264025,smurf.
331348,smurf.
8774,smurf.
45161,smurf.
287146,smurf.
311228,smurf.
217348,smurf.
267972,smurf.
262209,smurf.
282775,smurf.
361073,neptune.
218322,smurf.
376296,neptune.
250608,smurf.
488717,smurf.
225258,smurf.
103522,smurf.
220252,smurf.
208244,smurf.
305552,smurf.
318861,smurf.
129693,smurf.
150754,smurf.
445446,smurf.
408048,smurf.
475870,neptune.
267744,smurf.
327390,smurf.
66193,neptune.
166534,smurf.
426552,smurf.
420093,smurf.
341111,smurf.
303387,smurf.
300693,smurf.
64648,neptune.
230107,smurf.
399343,smurf.
119766,neptune.
115271,neptune.
265655,smurf.
415346,smurf.
402482,smurf.
96721,smurf.
361152,neptune.
390153,neptune.
462140,neptune.
421772,smurf.
387680,neptune.
415335,smurf.
324795,smurf.
116455,neptune.
472081,neptune.
9283,smurf.
300085,smurf.
336335,smurf.
260973,smurf.
240229,smurf.
223800,smurf.
179926,smurf.
297478,smurf.
202564,smurf.
203625,smurf.
465078,neptune.
420995,smurf.
163658,smurf.
285183,smurf.
282836,smurf.
406719,smurf.
180847,smurf.
152705,smurf.
367785,neptune.
210846,smurf.
182062,smurf.
154670,smurf.
428676,smurf.
280989,smurf.
156113,smurf.
204510,smurf.
433468,smurf.
252824,smurf.
114643,neptune.
71631,neptune.
468455,neptune.
128467,neptune.
234481,smurf.
382988,neptune.
248928,smurf.
185294,smurf.
186323,smurf.
363146,neptune.
438950,smurf.
299572,smurf.
320759,smurf.
223672,smurf.
213058,smurf.
44233,smurf.
319339,smurf.
350650,neptune.
248898,smurf.
289392,smurf.
117642,neptune.
204663,smurf.
60035,neptune.
56285,neptune.
242801,smurf.
293628,smurf.
189493,smurf.
381318,neptune.
425227,smurf.
424893,smurf.
156702,smurf.
267676,smurf.
99291,smurf.
334269,smurf.
236657,smurf.
488343,smurf.
490099,smurf.
272650,smurf.
110062,neptune.
175932,smurf.
311606,smurf.
175827,smurf.
68557,neptune.
329176,smurf.
447252,smurf.
178529,smurf.
414822,smurf.
9414,smurf.
93118,smurf.
301778,smurf.
208503,smurf.
191250,smurf.
287245,smurf.
94422,smurf.
379515,neptune.
312418,smurf.
210430,smurf.
60580,neptune.
247591,smurf.
441311,smurf.
376913,neptune.
427989,smurf.
215340,smurf.
188138,smurf.
314703,smurf.
355543,neptune.
213842,smurf.
303133,smurf.
206898,smurf.
408189,smurf.
242758,smurf.
382049,neptune.
371068,smurf.
387034,neptune.
447484,smurf.
201917,smurf.
292098,smurf.
178483,smurf.
195801,smurf.
277672,smurf.
479765,neptune.
283303,smurf.
56998,neptune.
186533,smurf.
252902,smurf.
269000,smurf.
193404,smurf.
383904,neptune.
328012,smurf.
191649,smurf.
215332,smurf.
226654,smurf.
166596,smurf.
48257,smurf.
186204,smurf.
423280,smurf.
255639,smurf.
438298,smurf.
187130,smurf.
411201,smurf.
420065,smurf.
280434,smurf.
351257,neptune.
294500,smurf.
215044,smurf.
252135,smurf.
162116,smurf.
207989,smurf.
360856,neptune.
64949,neptune.
64547,neptune.
487220,smurf.
179578,smurf.
69774,neptune.
60122,neptune.
354708,neptune.
333929,smurf.
181440,smurf.
391137,neptune.
179759,smurf.
48370,smurf.
384498,neptune.
465599,neptune.
444861,smurf.
322930,smurf.
339941,smurf.
243463,smurf.
61406,neptune.
150047,smurf.
164813,smurf.
57221,neptune.
184450,smurf.
316708,smurf.
407551,smurf.
164492,smurf.
412818,smurf.
326026,smurf.
394624,neptune.
410340,smurf.
276332,smurf.
246082,smurf.
475354,neptune.
128039,neptune.
279276,smurf.
394108,neptune.
372933,neptune.
384892,neptune.
288558,smurf.
125933,neptune.
308843,smurf.
213848,smurf.
323331,smurf.
361254,neptune.
196843,smurf.
252607,smurf.
251283,smurf.
472861,neptune.
368342,neptune.
102824,smurf.
99400,smurf.
9095,smurf.
252722,smurf.
54801,neptune.
421632,smurf.
273434,smurf.
192107,smurf.
296453,smurf.
103635,smurf.
50123,smurf.
113539,neptune.
314436,smurf.
411344,smurf.
471986,neptune.
429900,smurf.
416386,smurf.
295470,smurf.
404419,smurf.
488350,smurf.
333395,smurf.
122553,neptune.
115680,neptune.
337381,smurf.
225737,smurf.
332643,smurf.
431009,smurf.
194235,smurf.
432447,smurf.
395067,neptune.
393708,neptune.
296529,smurf.
438874,smurf.
108838,neptune.
47250,smurf.
44158,smurf.
162196,smurf.
235869,smurf.
119964,neptune.
392952,neptune.
300330,smurf.
329491,smurf.
193808,smurf.
464135,neptune.
421311,smurf.
385287,neptune.
247137,smurf.
156761,smurf.
188655,smurf.
196075,smurf.
54722,neptune.
417714,smurf.
332714,smurf.
415290,smurf.
94991,smurf.
134626,smurf.
430732,smurf.
463936,neptune.
182755,smurf.
411405,smurf.
95138,smurf.
286252,smurf.
215171,smurf.
428133,smurf.
109062,neptune.
45483,smurf.
99818,smurf.
97955,smurf.
293182,smurf.
161295,smurf.
186477,smurf.
95390,smurf.
116790,neptune.
414586,smurf.
333951,smurf.
211434,smurf.
235622,smurf.
226288,smurf.
120707,neptune.
438109,smurf.
184267,smurf.
220610,smurf.
358541,neptune.
264055,smurf.
276569,smurf.
252959,smurf.
324273,smurf.
315232,smurf.
367791,neptune.
289933,smurf.
209394,smurf.
449671,smurf.
442731,smurf.
418906,smurf.
168474,smurf.
245046,smurf.
258282,smurf.
196660,smurf.
173256,smurf.
58683,neptune.
321796,smurf.
413962,smurf.
304444,smurf.
203949,smurf.
243094,smurf.
410106,smurf.
122480,neptune.
229089,smurf.
231294,smurf.
246063,smurf.
267719,smurf.
112468,neptune.
336528,smurf.
272286,smurf.
123765,neptune.
399704,smurf.
113362,neptune.
476352,neptune.
288754,smurf.
431452,smurf.
390384,neptune.
315483,smurf.
476280,neptune.
408558,smurf.
68803,neptune.
422407,smurf.
293031,smurf.
255978,smurf.
276128,smurf.
312102,smurf.
377069,neptune.
181641,smurf.
192682,smurf.
464889,neptune.
109792,neptune.
160490,smurf.
276959,smurf.
208243,smurf.
217871,smurf.
307618,smurf.
398570,smurf.
479626,neptune.
205259,smurf.
446618,smurf.
64358,neptune.
151099,smurf.
119036,neptune.
253679,smurf.
275331,smurf.
356097,neptune.
413650,smurf.
365680,neptune.
55182,neptune.
47958,smurf.
392507,neptune.
352142,neptune.
278531,smurf.
209695,smurf.
182653,smurf.
262973,smurf.
101251,smurf.
300646,smurf.
435112,smurf.
160859,smurf.
420461,smurf.
201967,smurf.
48597,smurf.
179273,smurf.
301983,smurf.
311991,smurf.
271910,smurf.
214411,smurf.
239716,smurf.
304965,smurf.
178472,smurf.
225926,smurf.
116517,neptune.
233225,smurf.
8679,smurf.
174063,smurf.
173153,smurf.
215278,smurf.
118612,neptune.
301021,smurf.
442447,smurf.
424984,smurf.
261391,smurf.
338503,smurf.
256580,smurf.
419283,smurf.
212314,smurf.
319845,smurf.
443841,smurf.
444612,smurf.
296356,smurf.
248276,smurf.
405665,smurf.
54879,neptune.
239852,smurf.
476098,neptune.
441563,smurf.
164537,smurf.
474361,neptune.
424907,smurf.
157160,smurf.
198650,smurf.
69016,neptune.
429600,smurf.
434663,smurf.
184302,smurf.
377055,neptune.
338532,smurf.
474439,neptune.
417512,smurf.
207084,smurf.
162238,smurf.
108459,neptune.
227941,smurf.
251615,smurf.
391931,neptune.
118287,neptune.
220597,smurf.
167652,smurf.
70306,neptune.
384206,neptune.
212833,smurf.
126343,neptune.
119594,neptune.
406520,smurf.
249192,smurf.
285093,smurf.
441705,smurf.
358761,neptune.
95795,smurf.
64873,neptune.
403296,smurf.
354220,neptune.
464717,neptune.
205631,smurf.
274460,smurf.
7909,smurf.
412686,smurf.
262352,smurf.
257785,smurf.
364409,neptune.
331341,smurf.
112426,neptune.
302079,smurf.
299732,smurf.
340643,smurf.
423999,smurf.
218945,smurf.
259113,smurf.
249320,smurf.
265334,smurf.
197228,smurf.
362700,neptune.
151333,smurf.
298469,smurf.
240999,smurf.
221860,smurf.
273097,smurf.
474314,neptune.
369071,neptune.
489733,smurf.
193585,smurf.
290812,smurf.
101863,smurf.
470327,neptune.
197304,smurf.
406488,smurf.
419636,smurf.
461031,neptune.
340489,smurf.
199775,smurf.
172831,smurf.
185591,smurf.
289489,smurf.
246806,smurf.
398638,smurf.
304476,smurf.
182747,smurf.
100515,smurf.
191797,smurf.
169278,smurf.
279310,smurf.
475717,neptune.
260731,smurf.
288598,smurf.
387940,neptune.
432679,smurf.
176652,smurf.
200098,smurf.
329069,smurf.
437474,smurf.
373101,neptune.
299664,smurf.
175683,smurf.
59124,neptune.
464134,neptune.
233361,smurf.
446019,smurf.
166587,smurf.
103320,smurf.
255266,smurf.
165000,smurf.
322769,smurf.
265301,smurf.
168675,smurf.
477883,neptune.
207456,smurf.
434398,smurf.
318240,smurf.
234185,smurf.
319093,smurf.
219185,smurf.
487612,smurf.
58057,neptune.
368122,neptune.
111498,neptune.
113392,neptune.
380577,neptune.
114750,neptune.
118148,neptune.
197684,smurf.
296236,smurf.
276248,smurf.
158113,smurf.
8697,smurf.
303477,smurf.
321764,smurf.
201356,smurf.
240200,smurf.
477116,neptune.
221579,smurf.
226743,smurf.
452349,neptune.
244726,smurf.
66826,neptune.
335295,smurf.
211392,smurf.
429686,smurf.
339298,smurf.
226269,smurf.
487828,smurf.
215964,smurf.
336647,smurf.
258736,smurf.
8172,smurf.
474635,neptune.
43771,smurf.
96579,smurf.
227699,smurf.
276177,smurf.
461137,neptune.
394253,neptune.
358424,neptune.
297107,smurf.
267893,smurf.
357245,neptune.
150995,smurf.
350698,neptune.
47762,smurf.
334734,smurf.
207682,smurf.
258953,smurf.
405523,smurf.
158949,smurf.
201971,smurf.
475707,neptune.
199922,smurf.
294718,smurf.
301756,smurf.
490558,smurf.
489897,smurf.
312359,smurf.
119318,neptune.
465371,neptune.
128436,neptune.
109173,neptune.
419054,smurf.
203415,smurf.
326651,smurf.
48578,smurf.
62721,neptune.
405987,smurf.
352145,neptune.
469632,neptune.
206153,smurf.
43795,smurf.
225360,smurf.
242780,smurf.
409501,smurf.
412946,smurf.
110412,neptune.
370956,smurf.
325050,smurf.
234412,smurf.
68033,neptune.
287796,smurf.
311276,smurf.
425388,smurf.
226017,smurf.
129724,smurf.
245075,smurf.
181674,smurf.
205138,smurf.
407374,smurf.
177518,smurf.
150549,smurf.
246144,smurf.
59868,neptune.
100063,smurf.
155501,smurf.
320645,smurf.
219004,smurf.
98950,smurf.
93471,smurf.
188916,smurf.
404167,smurf.
258969,smurf.
59275,neptune.
240790,smurf.
236907,smurf.
10674,smurf.
116615,neptune.
434496,smurf.
446852,smurf.
256022,smurf.
377331,neptune.
270493,smurf.
328442,smurf.
244210,smurf.
205772,smurf.
205028,smurf.
429761,smurf.
382483,neptune.
467291,neptune.
472204,neptune.
231103,smurf.
60212,neptune.
290220,smurf.
311695,smurf.
306126,smurf.
239687,smurf.
210847,smurf.
121978,neptune.
426662,smurf.
318090,smurf.
103497,smurf.
358909,neptune.
373091,neptune.
334990,smurf.
122910,neptune.
475672,neptune.
320136,smurf.
436797,smurf.
335377,smurf.
264548,smurf.
478603,neptune.
416009,smurf.
188178,smurf.
369475,neptune.
196546,smurf.
443509,smurf.
236626,smurf.
220085,smurf.
318878,smurf.
121894,neptune.
125952,neptune.
272695,smurf.
408252,smurf.
221208,smurf.
445089,smurf.
476416,neptune.
160694,smurf.
312815,smurf.
391175,neptune.
448456,smurf.
377792,neptune.
270034,smurf.
443985,smurf.
404149,smurf.
359162,neptune.
9905,smurf.
182509,smurf.
43222,smurf.
222802,smurf.
409465,smurf.
68012,neptune.
62801,neptune.
326480,smurf.
367594,neptune.
11080,smurf.
463058,neptune.
429445,smurf.
241146,smurf.
296364,smurf.
220329,smurf.
372374,neptune.
150737,smurf.
367186,neptune.
411094,smurf.
166301,smurf.
187449,smurf.
355542,neptune.
62071,neptune.
435918,smurf.
213653,smurf.
459957,neptune.
386728,neptune.
478225,neptune.
386625,neptune.
317839,smurf.
48489,smurf.
422625,smurf.
186500,smurf.
208194,smurf.
171682,smurf.
203358,smurf.
126908,neptune.
292608,smurf.
295939,smurf.
193527,smurf.
393094,neptune.
181873,smurf.
171471,smurf.
388137,neptune.
489085,smurf.
203640,smurf.
466873,neptune.
308696,smurf.
118478,neptune.
50342,smurf.
476517,neptune.
361295,neptune.
324604,smurf.
98932,smurf.
384157,neptune.
99667,smurf.
108964,neptune.
127779,neptune.
186028,smurf.
247307,smurf.
301732,smurf.
151314,smurf.
292846,smurf.
281394,smurf.
301207,smurf.
245367,smurf.
323727,smurf.
140312,neptune.
349647,neptune.
394695,neptune.
219494,smurf.
222583,smurf.
414615,smurf.
303604,smurf.
47349,smurf.
384385,neptune.
467373,neptune.
108870,neptune.
472216,neptune.
434070,smurf.
163514,smurf.
247939,smurf.
376840,neptune.
155874,smurf.
432827,smurf.
254454,smurf.
100628,smurf.
266960,smurf.
54692,neptune.
200390,smurf.
309878,smurf.
200339,smurf.
172868,smurf.
202221,smurf.
231664,smurf.
401806,smurf.
59209,neptune.
422229,smurf.
67458,neptune.
211153,smurf.
152296,smurf.
261607,smurf.
424975,smurf.
321897,smurf.
303830,smurf.
239128,smurf.
372568,neptune.
410740,smurf.
100650,smurf.
385932,neptune.
395452,neptune.
240137,smurf.
398879,smurf.
60854,neptune.
286674,smurf.
444993,smurf.
134998,smurf.
256449,smurf.
405482,smurf.
54505,neptune.
282156,smurf.
352668,neptune.
134332,smurf.
378820,neptune.
226859,smurf.
154402,smurf.
421404,smurf.
434239,smurf.
218134,smurf.
224854,smurf.
57896,neptune.
479060,neptune.
413245,smurf.
333785,smurf.
340957,smurf.
471940,neptune.
180049,smurf.
253981,smurf.
255479,smurf.
464130,neptune.
475096,neptune.
402419,smurf.
434749,smurf.
367859,neptune.
473723,neptune.
336015,smurf.
460481,neptune.
361941,neptune.
356800,neptune.
166737,smurf.
189236,smurf.
231606,smurf.
192095,smurf.
309713,smurf.
387816,neptune.
219734,smurf.
219020,smurf.
417793,smurf.
112009,neptune.
202667,smurf.
400083,smurf.
132846,smurf.
320855,smurf.
45018,smurf.
194700,smurf.
153992,smurf.
205829,smurf.
407179,smurf.
461420,neptune.
341287,smurf.
320176,smurf.
65113,neptune.
462198,neptune.
218149,smurf.
71454,neptune.
216213,smurf.
63661,neptune.
467441,neptune.
43451,smurf.
432743,smurf.
204159,smurf.
285629,smurf.
189188,smurf.
100592,smurf.
464763,neptune.
441672,smurf.
368478,neptune.
201773,smurf.
293401,smurf.
470354,neptune.
170941,smurf.
173066,smurf.
47915,smurf.
373911,neptune.
316409,smurf.
256328,smurf.
331638,smurf.
411920,smurf.
413223,smurf.
436607,smurf.
306542,smurf.
186024,smurf.
447341,smurf.
190205,smurf.
390395,neptune.
102584,smurf.
407071,smurf.
197841,smurf.
333011,smurf.
269602,smurf.
69603,neptune.
415909,smurf.
434566,smurf.
401391,smurf.
48619,smurf.
394437,neptune.
214371,smurf.
386864,neptune.
291099,smurf.
382176,neptune.
275791,smurf.
259147,smurf.
376553,neptune.
368749,neptune.
93438,smurf.
474384,neptune.
314375,smurf.
308905,smurf.
280062,smurf.
205569,smurf.
474512,neptune.
468267,neptune.
301769,smurf.
115586,neptune.
257007,smurf.
226647,smurf.
410698,smurf.
244701,smurf.
56150,neptune.
66617,neptune.
181259,smurf.
462707,neptune.
299301,smurf.
284431,smurf.
304361,smurf.
430948,smurf.
236457,smurf.
124502,neptune.
216044,smurf.
65363,neptune.
229623,smurf.
207695,smurf.
171835,smurf.
109839,neptune.
171949,smurf.
122059,neptune.
213990,smurf.
353863,neptune.
444514,smurf.
391337,neptune.
193479,smurf.
442940,smurf.
45963,smurf.
164352,smurf.
441312,smurf.
358938,neptune.
9219,smurf.
168001,smurf.
300054,smurf.
188092,smurf.
384392,neptune.
70851,neptune.
129184,smurf.
439806,smurf.
288778,smurf.
223350,smurf.
131607,smurf.
72114,neptune.
300080,smurf.
292724,smurf.
464092,neptune.
283155,smurf.
150922,smurf.
434238,smurf.
210403,smurf.
375409,neptune.
173749,smurf.
207891,smurf.
414049,smurf.
109647,neptune.
255398,smurf.
258220,smurf.
136207,smurf.
372836,neptune.
71057,neptune.
384765,neptune.
43901,smurf.
8764,smurf.
219617,smurf.
171165,smurf.
266091,smurf.
474470,neptune.
253702,smurf.
228497,smurf.
289991,smurf.
44701,smurf.
270285,smurf.
471142,neptune.
67743,neptune.
257091,smurf.
316692,smurf.
480191,neptune.
384612,neptune.
417028,smurf.
293919,smurf.
467070,neptune.
338506,smurf.
229782,smurf.
462854,neptune.
312532,smurf.
199520,smurf.
108590,neptune.
131447,smurf.
206072,smurf.
376798,neptune.
54313,neptune.
259922,smurf.
288127,smurf.
260100,smurf.
471734,neptune.
307959,smurf.
363338,neptune.
326831,smurf.
236284,smurf.
112030,neptune.
8820,smurf.
131254,smurf.
248737,smurf.
192616,smurf.
380704,neptune.
449497,smurf.
169008,smurf.
266337,smurf.
269513,smurf.
444603,smurf.
60620,neptune.
125252,neptune.
359757,neptune.
316325,smurf.
167879,smurf.
181836,smurf.
313118,smurf.
135520,smurf.
276256,smurf.
156896,smurf.
426090,smurf.
363720,neptune.
207879,smurf.
166186,smurf.
307745,smurf.
199891,smurf.
418277,smurf.
313988,smurf.
156260,smurf.
334519,smurf.
53609,neptune.
246742,smurf.
418395,smurf.
208648,smurf.
288133,smurf.
113161,neptune.
172858,smurf.
155947,smurf.
239503,smurf.
57856,neptune.
308361,smurf.
366554,neptune.
204919,smurf.
254722,smurf.
357125,neptune.
419971,smurf.
127893,neptune.
273112,smurf.
9950,smurf.
423095,smurf.
257340,smurf.
290918,smurf.
396318,neptune.
406064,smurf.
447338,smurf.
407657,smurf.
446761,smurf.
265349,smurf.
237279,smurf.
238509,smurf.
376829,neptune.
465750,neptune.
321659,smurf.
413799,smurf.
283090,smurf.
43241,smurf.
448258,smurf.
121148,neptune.
198007,smurf.
165743,smurf.
241858,smurf.
341235,smurf.
409614,smurf.
60702,neptune.
359262,neptune.
428914,smurf.
234863,smurf.
392936,neptune.
169825,smurf.
352346,neptune.
320187,smurf.
213945,smurf.
461986,neptune.
368528,neptune.
243535,smurf.
365478,neptune.
155128,smurf.
387242,neptune.
128897,smurf.
331369,smurf.
56510,neptune.
436971,smurf.
435627,smurf.
44740,smurf.
444758,smurf.
206894,smurf.
403005,smurf.
162244,smurf.
66799,neptune.
194761,smurf.
303942,smurf.
99406,smurf.
100835,smurf.
411854,smurf.
166014,smurf.
47397,smurf.
10937,smurf.
118685,neptune.
298189,smurf.
101132,smurf.
179695,smurf.
230153,smurf.
428390,smurf.
197379,smurf.
252738,smurf.
372462,neptune.
473072,neptune.
123072,neptune.
259568,smurf.
94314,smurf.
440104,smurf.
350394,neptune.
228273,smurf.
196285,smurf.
172276,smurf.
386792,neptune.
206423,smurf.
238920,smurf.
359390,neptune.
432085,smurf.
280830,smurf.
226524,smurf.
123876,neptune.
235870,smurf.
432853,smurf.
152510,smurf.
305072,smurf.
61421,neptune.
364617,neptune.
205130,smurf.
62755,neptune.
201459,smurf.
161223,smurf.
352453,neptune.
152814,smurf.
370673,smurf.
472542,neptune.
196062,smurf.
340352,smurf.
95861,smurf.
463450,neptune.
203028,smurf.
397782,smurf.
325168,smurf.
163997,smurf.
235765,smurf.
327227,smurf.
156082,smurf.
313866,smurf.
460829,neptune.
431883,smurf.
354656,neptune.
60076,neptune.
180297,smurf.
467711,neptune.
393965,neptune.
480294,neptune.
425920,smurf.
263711,smurf.
298331,smurf.
310541,smurf.
93890,smurf.
235163,smurf.
488410,smurf.
287500,smurf.
485512,neptune.
485779,neptune.
429425,smurf.
209772,smurf.
306350,smurf.
158756,smurf.
258676,smurf.
376893,neptune.
251884,smurf.
277800,smurf.
414711,smurf.
95225,smurf.
229588,smurf.
447835,smurf.
111756,neptune.
327727,smurf.
152094,smurf.
253174,smurf.
289533,smurf.
193383,smurf.
69938,neptune.
393886,neptune.
308007,smurf.
324606,smurf.
217023,smurf.
376793,neptune.
335601,smurf.
158034,smurf.
432507,smurf.
422355,smurf.
473183,neptune.
485486,neptune.
67841,neptune.
394262,neptune.
429662,smurf.
302789,smurf.
310407,smurf.
364333,neptune.
61508,neptune.
287048,smurf.
467401,neptune.
490062,smurf.
313471,smurf.
308618,smurf.
418202,smurf.
212321,smurf.
305987,smurf.
352136,neptune.
369013,neptune.
304455,smurf.
471733,neptune.
316808,smurf.
68069,neptune.
473821,neptune.
202879,smurf.
165915,smurf.
163748,smurf.
158266,smurf.
61099,neptune.
168245,smurf.
128538,neptune.
423652,smurf.
411002,smurf.
394466,neptune.
191767,smurf.
430791,smurf.
436535,smurf.
490349,smurf.
386134,neptune.
368892,neptune.
367572,neptune.
108332,neptune.
180484,smurf.
473179,neptune.
435560,smurf.
247616,smurf.
94086,smurf.
236851,smurf.
470658,neptune.
281355,smurf.
280082,smurf.
189148,smurf.
327350,smurf.
259424,smurf.
464546,neptune.
257098,smurf.
97449,smurf.
179707,smurf.
310426,smurf.
463094,neptune.
285057,smurf.
120937,neptune.
338974,smurf.
196915,smurf.
363564,neptune.
224581,smurf.
190900,smurf.
224413,smurf.
102229,smurf.
360707,neptune.
285961,smurf.
212053,smurf.
95802,smurf.
95743,smurf.
418376,smurf.
376404,neptune.
281764,smurf.
237567,smurf.
153827,smurf.
374329,neptune.
432573,smurf.
429263,smurf.
9922,smurf.
126722,neptune.
466483,neptune.
202359,smurf.
480187,neptune.
430201,smurf.
487226,smurf.
270207,smurf.
462749,neptune.
382383,neptune.
351295,neptune.
72110,neptune.
214311,smurf.
487643,smurf.
162958,smurf.
386652,neptune.
419111,smurf.
338698,smurf.
336094,smurf.
10766,smurf.
303307,smurf.
47517,smurf.
382499,neptune.
62899,neptune.
233221,smurf.
328761,smurf.
366596,neptune.
157527,smurf.
94403,smurf.
231687,smurf.
474527,neptune.
399846,smurf.
303317,smurf.
442480,smurf.
245534,smurf.
159729,smurf.
260182,smurf.
275000,smurf.
103167,smurf.
474768,neptune.
95535,smurf.
160815,smurf.
314728,smurf.
361199,neptune.
386502,neptune.
189284,smurf.
258814,smurf.
62075,neptune.
134775,smurf.
57988,neptune.
302846,smurf.
322820,smurf.
393677,neptune.
284900,smurf.
179038,smurf.
163184,smurf.
60951,neptune.
214992,smurf.
244784,smurf.
296386,smurf.
215083,smurf.
96713,smurf.
441648,smurf.
340573,smurf.
118582,neptune.
63122,neptune.
168191,smurf.
65708,neptune.
329026,smurf.
319906,smurf.
71375,neptune.
55121,neptune.
95104,smurf.
95617,smurf.
162929,smurf.
445320,smurf.
361482,neptune.
271579,smurf.
123241,neptune.
315200,smurf.
386853,neptune.
468612,neptune.
466078,neptune.
130172,smurf.
252712,smurf.
209467,smurf.
54738,neptune.
303051,smurf.
374383,neptune.
331884,smurf.
279434,smurf.
160540,smurf.
162879,smurf.
461409,neptune.
386184,neptune.
209503,smurf.
235258,smurf.
332234,smurf.
189237,smurf.
199515,smurf.
292306,smurf.
181337,smurf.
302066,smurf.
419453,smurf.
269536,smurf.
284961,smurf.
58770,neptune.
204447,smurf.
380828,neptune.
301912,smurf.
149857,smurf.
461342,neptune.
417538,smurf.
114138,neptune.
273428,smurf.
314356,smurf.
110265,neptune.
133676,smurf.
340944,smurf.
308357,smurf.
305543,smurf.
359300,neptune.
185789,smurf.
440781,smurf.
441263,smurf.
399161,smurf.
167976,smurf.
447951,smurf.
94951,smurf.
281934,smurf.
119984,neptune.
116136,neptune.
263026,smurf.
366087,neptune.
470820,neptune.
238525,smurf.
383557,neptune.
166304,smurf.
160392,smurf.
461779,neptune.
380726,neptune.
334826,smurf.
60046,neptune.
204541,smurf.
234549,smurf.
100695,smurf.
254666,smurf.
119680,neptune.
304104,smurf.
202923,smurf.
167217,smurf.
286820,smurf.
386934,neptune.
196645,smurf.
308187,smurf.
312347,smurf.
318683,smurf.
131544,smurf.
379468,neptune.
113661,neptune.
225570,smurf.
427674,smurf.
133670,smurf.
108271,neptune.
401417,smurf.
466393,neptune.
309209,smurf.
426339,smurf.
392920,neptune.
223780,smurf.
395637,neptune.
378766,neptune.
64591,neptune.
190723,smurf.
320150,smurf.
100072,smurf.
294880,smurf.
316955,smurf.
311757,smurf.
477902,neptune.
93922,smurf.
68938,neptune.
218832,smurf.
420125,smurf.
474504,neptune.
368043,neptune.
70644,neptune.
469690,neptune.
349506,neptune.
135896,smurf.
172014,smurf.
328287,smurf.
424033,smurf.
66129,neptune.
207240,smurf.
395868,neptune.
253938,smurf.
132029,smurf.
370610,smurf.
263004,smurf.
170447,smurf.
302083,smurf.
301258,smurf.
398011,smurf.
364017,neptune.
353254,neptune.
292139,smurf.
233879,smurf.
269162,smurf.
245242,smurf.
64965,neptune.
168602,smurf.
216161,smurf.
208821,smurf.
310768,smurf.
93210,smurf.
339707,smurf.
162048,smurf.
328989,smurf.
102063,smurf.
331013,smurf.
391065,neptune.
408380,smurf.
460665,neptune.
463580,neptune.
187196,smurf.
425409,smurf.
279418,smurf.
197642,smurf.
242124,smurf.
258259,smurf.
355139,neptune.
375492,neptune.
280777,smurf.
227195,smurf.
442573,smurf.
188600,smurf.
294116,smurf.
302720,smurf.
160472,smurf.
290655,smurf.
327651,smurf.
257104,smurf.
229580,smurf.
56923,neptune.
221722,smurf.
297754,smurf.
334973,smurf.
332783,smurf.
367742,neptune.
319114,smurf.
71481,neptune.
160699,smurf.
390287,neptune.
150504,smurf.
409310,smurf.
183016,smurf.
167646,smurf.
251760,smurf.
257590,smurf.
97300,smurf.
182580,smurf.
170214,smurf.
461864,neptune.
380311,neptune.
204990,smurf.
434146,smurf.
388211,neptune.
438311,smurf.
282634,smurf.
101859,smurf.
49739,smurf.
357679,neptune.
66002,neptune.
208825,smurf.
372815,neptune.
226878,smurf.
206448,smurf.
301048,smurf.
467719,neptune.
417450,smurf.
153576,smurf.
243395,smurf.
62457,neptune.
268377,smurf.
225103,smurf.
472765,neptune.
127599,neptune.
61482,neptune.
472044,neptune.
177680,smurf.
275221,smurf.
114625,neptune.
490326,smurf.
291866,smurf.
366325,neptune.
221063,smurf.
255641,smurf.
387333,neptune.
488659,smurf.
153327,smurf.
378439,neptune.
436830,smurf.
190382,smurf.
320950,smurf.
363937,neptune.
258242,smurf.
201096,smurf.
464184,neptune.
293715,smurf.
275144,smurf.
382857,neptune.
407746,smurf.
253633,smurf.
311463,smurf.
70724,neptune.
202638,smurf.
176379,smurf.
134974,smurf.
280050,smurf.
58253,neptune.
193489,smurf.
337316,smurf.
198248,smurf.
311127,smurf.
56364,neptune.
403663,smurf.
294205,smurf.
323746,smurf.
476745,neptune.
242972,smurf.
219269,smurf.
425679,smurf.
258021,smurf.
381889,neptune.
272918,smurf.
465575,neptune.
101992,smurf.
384423,neptune.
375016,neptune.
306048,smurf.
421901,smurf.
393777,neptune.
463144,neptune.
488822,smurf.
310456,smurf.
209795,smurf.
477433,neptune.
490405,smurf.
264354,smurf.
389426,neptune.
444358,smurf.
395954,neptune.
151798,smurf.
402514,smurf.
176509,smurf.
321334,smurf.
374451,neptune.
306277,smurf.
468110,neptune.
311689,smurf.
68391,neptune.
311716,smurf.
477180,neptune.
214503,smurf.
396256,neptune.
284709,smurf.
300637,smurf.
247520,smurf.
410706,smurf.
176278,smurf.
384590,neptune.
360050,neptune.
273921,smurf.
182874,smurf.
110182,neptune.
363614,neptune.
250370,smurf.
393854,neptune.
269994,smurf.
378405,neptune.
429447,smurf.
338104,smurf.
415653,smurf.
290658,smurf.
256982,smurf.
125472,neptune.
251378,smurf.
62805,neptune.
396595,neptune.
251491,smurf.
245452,smurf.
291775,smurf.
411320,smurf.
236565,smurf.
193652,smurf.
435466,smurf.
338119,smurf.
377666,neptune.
286031,smurf.
487735,smurf.
241312,smurf.
444225,smurf.
266431,smurf.
284988,smurf.
350676,neptune.
295428,smurf.
249858,smurf.
10554,smurf.
440443,smurf.
248920,smurf.
192441,smurf.
401987,smurf.
188097,smurf.
202209,smurf.
288918,smurf.
166823,smurf.
294076,smurf.
424827,smurf.
173776,smurf.
361609,neptune.
468505,neptune.
448735,smurf.
256075,smurf.
61493,neptune.
424142,smurf.
241379,smurf.
8517,smurf.
388331,neptune.
211191,smurf.
127371,neptune.
352114,neptune.
267619,smurf.
208734,smurf.
166166,smurf.
54127,neptune.
313106,smurf.
462682,neptune.
326891,smurf.
245478,smurf.
195203,smurf.
313909,smurf.
299706,smurf.
449246,smurf.
433223,smurf.
286731,smurf.
154124,smurf.
316392,smurf.
490363,smurf.
354953,neptune.
96597,smurf.
178670,smurf.
321749,smurf.
485596,neptune.
172797,smurf.
150830,smurf.
101666,smurf.
206930,smurf.
436854,smurf.
92188,smurf.
350940,neptune.
442397,smurf.
470731,neptune.
191925,smurf.
263570,smurf.
197183,smurf.
423683,smurf.
414050,smurf.
350991,neptune.
383250,neptune.
341372,smurf.
202713,smurf.
127897,neptune.
401238,smurf.
477561,neptune.
99717,smurf.
179747,smurf.
288883,smurf.
101891,smurf.
63761,neptune.
183334,smurf.
193831,smurf.
161328,smurf.
464733,neptune.
388631,neptune.
376729,neptune.
404288,smurf.
389105,neptune.
397468,smurf.
116214,neptune.
292253,smurf.
73346,neptune.
95570,smurf.
183921,smurf.
204287,smurf.
368326,neptune.
238022,smurf.
322020,smurf.
329299,smurf.
113084,neptune.
99488,smurf.
334949,smurf.
238774,smurf.
245582,smurf.
47386,smurf.
409197,smurf.
407937,smurf.
151498,smurf.
228257,smurf.
44331,smurf.
258828,smurf.
417774,smurf.
363005,neptune.
442184,smurf.
354436,neptune.
191495,smurf.
217482,smurf.
402580,smurf.
229394,smurf.
385559,neptune.
462056,neptune.
151893,smurf.
8235,smurf.
95196,smurf.
418651,smurf.
387800,neptune.
313741,smurf.
428009,smurf.
468932,neptune.
325017,smurf.
123758,neptune.
393604,neptune.
150340,smurf.
320725,smurf.
321974,smurf.
460752,neptune.
44659,smurf.
183846,smurf.
366717,neptune.
308285,smurf.
244881,smurf.
390771,neptune.
449046,smurf.
173674,smurf.
101895,smurf.
60855,neptune.
222742,smurf.
67516,neptune.
244445,smurf.
442978,smurf.
9372,smurf.
131933,smurf.
369619,neptune.
219150,smurf.
308273,smurf.
381738,neptune.
62363,neptune.
203841,smurf.
421151,smurf.
416232,smurf.
99136,smurf.
487905,smurf.
244547,smurf.
204411,smurf.
355424,neptune.
263797,smurf.
282732,smurf.
320427,smurf.
411866,smurf.
65250,neptune.
287421,smurf.
234998,smurf.
163175,smurf.
246740,smurf.
118668,neptune.
469614,neptune.
8064,smurf.
367077,neptune.
391242,neptune.
214807,smurf.
467590,neptune.
163219,smurf.
247154,smurf.
364644,neptune.
338142,smurf.
187138,smurf.
356598,neptune.
177025,smurf.
94907,smurf.
246651,smurf.
187284,smurf.
188789,smurf.
472624,neptune.
417647,smurf.
476064,neptune.
471550,neptune.
157859,smurf.
215699,smurf.
66919,neptune.
185196,smurf.
133248,smurf.
399929,smurf.
163835,smurf.
175378,smurf.
294704,smurf.
117974,neptune.
306348,smurf.
255150,smurf.
477177,neptune.
122318,neptune.
134979,smurf.
336522,smurf.
423922,smurf.
477255,neptune.
198965,smurf.
308246,smurf.
258647,smurf.
265298,smurf.
380554,neptune.
382864,neptune.
130248,smurf.
323173,smurf.
315662,smurf.
383662,neptune.
173724,smurf.
181864,smurf.
101724,smurf.
292832,smurf.
223797,smurf.
341135,smurf.
57732,neptune.
199668,smurf.
357849,neptune.
421344,smurf.
335762,smurf.
224006,smurf.
473227,neptune.
462907,neptune.
176144,smurf.
360631,neptune.
301894,smurf.
278528,smurf.
425595,smurf.
320866,smurf.
280998,smurf.
122827,neptune.
194345,smurf.
365211,neptune.
50542,smurf.
170667,smurf.
66588,neptune.
476975,neptune.
320040,smurf.
406670,smurf.
442273,smurf.
366828,neptune.
212989,smurf.
475142,neptune.
